,year,year_code,country_name,country_code,gdp,foreign_inv_inflows,life_exp,exports_perc_gdp,inflation_perc,education_years,education_perc_gdp,gds_perc_gdp,gross_savings_perc_gdp,int_tourism_arrivals,int_tourism_receipts,gni,perc_internet_users,hdi,hdi_cat
0,2020,YR2020,Afghanistan,AFG,4055179566.34981,50000000.0,56.784,,12.6862687216715,6.0,3.4794499874115,,,,36000000.0,15884505937.9604,0.0045614,0.511,low
1,2020,YR2020,Albania,ALB,4348070165.19261,135000000.0,74.579,20.9456511360868,7.7705258343155,8.0,3.11779999732971,8.63026445768279,25.9386666800329,1247000.0,492000000.0,4475531638.29414,0.390081,0.795,high
2,2020,YR2020,Algeria,DZA,56760246981.7525,1064960000.0,71.605,35.5045602584257,1.41830192345045,10.0,4.33701992034912,40.5282271705172,51.8608352051963,988000.0,111000000.0,54530246981.7525,1.59164,0.748,high
3,2020,YR2020,Angola,AGO,15285594828.418,1743504000.0,47.702,57.0849959046266,,4.0,2.12011003494263,39.3615726233684,28.8768162146426,91000.0,51000000.0,13650938445.0336,0.270377,0.581,medium
4,2020,YR2020,Antigua and Barbuda,ATG,814381481.481481,65865064.8148148,74.395,91.6942191983919,2.40765801293492,11.0,3.39427995681763,16.3828035819049,11.9828950851134,218000.0,274000000.0,772934777.777778,12.5,0.778,high
5,2020,YR2020,Argentina,ARG,97724004251.8602,2148910000.0,73.932,28.3825969991682,,10.0,4.01734018325806,25.866328843816,21.3431768782392,2820000.0,1716000000.0,92763789032.7018,10.8821,0.845,very high
6,2020,YR2020,Armenia,ARM,2376335048.39976,110725325.614409,72.112,27.832108365994,1.06004929341667,12.0,2.13504004478455,-2.8695128126331,10.2454058280206,162000.0,81000000.0,2458706347.955,1.96041,0.776,high
7,2020,YR2020,Australia,AUS,394648911678.527,14656321800.5386,79.9365853658537,20.77459420115,2.98157453936349,10.0,4.91029977798462,24.4850202783416,21.8456904545298,4841000.0,12148000000.0,383921096693.177,52.6893,0.944,very high
8,2020,YR2020,Austria,AUT,213377771503.858,138346430.7562,78.6780487804878,45.31938619858,1.81035953871319,13.0,5.52213001251221,27.6213946823083,26.0564137841862,18611000.0,12334000000.0,212139375117.636,36.56,0.922,very high
9,2020,YR2020,Azerbaijan,AZE,6235856819.58445,2024577000.0,67.391,42.7678350515464,2.7711647199827,10.0,3.15445995330811,24.6944329896907,19.6539096973196,576000.0,63000000.0,5851180004.11438,4.99971,0.756,high
10,2020,YR2020,"Bahamas, The",BHS,8881160000.0,152790000.0,71.977,36.175454557738,2.17357792508091,12.0,,33.7203698615947,32.1215395849191,1513000.0,1773000000.0,8696814900.0,18.0,0.814,very high
11,2020,YR2020,Bahrain,BHR,9593510638.29787,216986881.649309,74.822,72.5085662959225,-0.495540138751155,9.0,2.49677991867065,37.2312290000998,22.8278174519567,4831000.0,985000000.0,9068566223.40425,18.0507,0.852,very high
12,2020,YR2020,Bangladesh,BGD,54724081490.5102,52304931.038967,66.43,12.4099689322019,3.33256493271908,5.0,2.01714992523193,20.8389387311458,30.7491764310818,207000.0,59000000.0,56908044576.0056,0.13992,0.632,medium
13,2020,YR2020,Barbados,BRB,3106500000.0,228343253.8,77.534,38.9859971028489,0.125249458055994,11.0,5.88062000274658,11.3342990503782,9.52174062530179,498000.0,666000000.0,2987550000.0,27.8363,0.814,very high
14,2020,YR2020,Belarus,BLR,14594249022.8922,247100000.0,68.0560975609756,63.6275159440361,42.5375481348794,9.0,5.7122597694397,19.479461173833,20.49151972393,63000.0,295000000.0,14543051367.9509,8.95097,0.823,very high
15,2020,YR2020,Belgium,BEL,257157820440.429,18118954671.3727,78.0756097560976,70.8312976956765,1.64521436175359,12.0,5.79585981369019,26.3248478806862,26.3637538782916,6720000.0,7598000000.0,261601919819.311,46.33,0.931,very high
16,2020,YR2020,Belize,BLZ,925050000.0,25461176.8782397,69.272,52.988670882655,,8.0,5.33630990982056,6.3758445489433,3.76380201882685,200000.0,121000000.0,857568850.0,5.68425,0.716,high
17,2020,YR2020,Benin,BEN,4174634520.35486,-19395622.6954977,56.025,19.726610778332,2.4891623549154,6.0,2.15949010848999,10.5185058688766,13.631081215314,72000.0,94500000.0,4146494876.0969,0.702946,0.545,low
18,2020,YR2020,Bhutan,BTN,520849551.532606,2425411.8983,62.728,24.6140541985654,2.48343048790224,,6.60906982421875,32.7603735651493,34.6244320847863,5600.0,8000000.0,512806665.295207,1.6758,0.654,medium
19,2020,YR2020,Bolivia,BOL,7905485216.17852,676543000.0,63.64,21.6344550697626,0.928258851611061,8.0,,10.2133241561052,12.2970672217791,334000.0,143000000.0,7700785216.17852,3.11719,0.718,high
20,2020,YR2020,Bosnia and Herzegovina,BIH,6651106833.49374,267769568.956599,74.803,24.3478518196947,7.42704310332954,8.0,,-12.4144587484565,11.1702578946148,160000.0,307000000.0,7159190134.74495,2.64827,0.78,high
21,2020,YR2020,Botswana,BWA,5438857106.73536,407997828.632639,50.232,52.1574267782427,8.03279662527486,,10.6785898208618,40.2455253370525,31.434570798765,1274000.0,324000000.0,4740668162.71058,3.38592,0.735,high
22,2020,YR2020,Brazil,BRA,507962487700.024,16586600193.114,70.813,14.2305902713775,8.4501643770833,8.0,3.75037002563477,18.2919026240197,15.4075368110728,3785000.0,2142000000.0,490921176362.21,9.14943,0.765,high
23,2020,YR2020,Brunei Darussalam,BRN,5843329107.56171,229671955.675395,73.332,67.1218302942605,-2.3149724245932,9.0,2.04661011695862,47.229130783101,45.7021633571297,119000.0,113000000.0,5843329107.56171,15.3299,0.838,very high
24,2020,YR2020,Bulgaria,BGR,16402846413.0958,904659791.087722,71.8658536585366,33.6473037196123,5.81014365721823,9.0,3.38608002662659,12.5540173047927,17.9851935768516,3433000.0,1392000000.0,16746346413.0958,9.08,0.816,very high
25,2020,YR2020,Burkina Faso,BFA,3622350203.94595,15026083.6628,51.384,8.86536563219181,2.17569480664608,10.0,3.94113993644714,-0.130106710683566,5.85370029893315,150000.0,37000000.0,3588060318.58699,0.200993,0.452,low
26,2020,YR2020,Burundi,BDI,825394490.159111,0.0,50.81,4.68580418118256,-1.36568005328061,,3.00493001937866,-8.35356084580785,4.20017398723749,74000.0,1600000.0,811709078.127599,0.118228,0.433,low
27,2020,YR2020,Cambodia,KHM,4284028482.53766,130956363.872694,60.283,55.422133135624,3.22508361481579,,1.71121001243591,8.49714744501145,14.3561391805386,787000.0,509000000.0,4096441959.94383,0.226983,0.594,medium
28,2020,YR2020,Cameroon,CMR,11579343088.1613,505256043.293607,51.536,24.296900395925,2.83442260128067,6.0,3.0136399269104,19.5744162738975,14.2183399667327,487000.0,124000000.0,10906514675.5713,0.360872,0.563,medium
29,2020,YR2020,Canada,CAN,757950678646.53,24486425376.8819,79.490243902439,40.201285970346,2.25839440940856,10.0,5.01072978973389,23.9398479299711,21.8020873239905,20057000.0,12744000000.0,741406996750.143,61.5933,0.929,very high
30,2020,YR2020,Central African Republic,CAF,991387870.12463,5644286.5587,44.063,15.96270493648,,10.0,1.5195699930191,5.44173382729588,,2900.0,3000000.0,982309385.151714,0.128537,0.397,low
31,2020,YR2020,Chad,TCD,1997005786.54118,924119210.0868,47.9,12.6899405964434,5.19181895195446,6.0,1.59294998645782,-40.8147536268974,,61000.0,25000000.0,1936981359.29949,0.16607,0.398,low
32,2020,YR2020,Chile,CHL,69736811435.1032,2549923142.41108,76.894,32.8039336278624,2.48939816650703,8.0,4.08121013641357,24.5472175093976,21.5054175236778,1412000.0,1221000000.0,67033029762.5337,22.1,0.851,very high
33,2020,YR2020,China,CHN,1470550015081.55,53073618897.4036,72.061,22.64474567395,-0.731975500083577,9.0,,39.0165567529092,38.8832254802573,36803000.0,21742000000.0,1455604866961.46,4.5957,0.761,high
34,2020,YR2020,Colombia,COL,97963003804.7851,2133698124.14946,73.517,14.8155696775272,6.35192507425155,10.0,4.26812982559204,13.9000419854641,13.924984788252,567000.0,1237000000.0,95331633503.9279,4.6,0.767,high
35,2020,YR2020,Comoros,COM,425964697.418664,430423.4793,59.617,8.83617675060801,3.53304214308075,6.0,2.25841999053955,-0.0424143703496478,6.84050966601236,18900.0,10900000.0,425207827.288472,0.55487,0.554,medium
36,2020,YR2020,"Congo, Dem. Rep.",COD,8728038525.14034,187598693.6937,51.385,15.6713428067886,31.5225826025495,6.0,1.5249799489975,9.46163105352923,7.36242164772361,28000.0,3200000.0,8430337554.61324,0.0927907,0.48,low
37,2020,YR2020,"Congo, Rep.",COG,3034251042.07329,199155450.954144,53.091,81.5164254833959,4.37875971780872,10.0,3.20831990242004,51.9090786070597,23.5497916763512,35000.0,25600000.0,2183515345.53473,0.15725,0.574,medium
38,2020,YR2020,Costa Rica,CRI,16504795592.7964,723172624.768835,77.74,39.4004598290158,9.16640559221474,11.0,5.17354011535645,17.9538148217616,14.3735980680102,1113000.0,1429000000.0,15743590601.9677,19.8949,0.81,very high
39,2020,YR2020,Cote d'Ivoire,CIV,12405208665.4831,212580417.4534,49.475,47.4623494754671,3.0772648515743,10.0,4.09033012390137,20.969694701985,11.0150825596509,205000.0,56000000.0,10857690889.8375,0.497929,0.538,low
40,2020,YR2020,Croatia,HRV,26813968850.5192,980784304.813265,74.7173170731707,36.2125231975375,1.67178437393382,8.0,3.81978011131287,15.2092396442826,18.2925124034204,6944000.0,3952000000.0,26355714857.8312,17.76,0.851,very high
41,2020,YR2020,Cuba,CUB,33590500000.0,,77.105,11.5270686652476,,9.0,9.57116985321045,7.52124588797428,,1656000.0,1769000000.0,32979826200.0,3.77059,0.783,high
42,2020,YR2020,Cyprus,CYP,11420227884.6154,1103449726.13198,78.264,62.4053120319487,2.80115505180746,10.0,5.58166980743408,21.6303611750978,17.4952612506446,2418000.0,2178000000.0,10831199038.4615,28.32,0.887,very high
43,2020,YR2020,Czech Republic,CZE,82196001050.7474,8496609035.7758,75.2219512195122,45.0041286043534,1.90298097019031,9.0,3.97255992889404,29.290645571022,26.8038430389991,4743000.0,3376000000.0,79239888083.1801,23.93,0.9,very high
44,2020,YR2020,Denmark,DNK,178635163717.431,4430703178.95052,76.8951219512195,45.7044791859005,2.42443661219694,10.0,8.2130298614502,28.195037931528,25.2583945609658,3436000.0,4791000000.0,176412403257.882,64.25,0.94,very high
45,2020,YR2020,Djibouti,DJI,591122039.601398,3432346.2055694,57.235,156.538300905396,0.637619553666345,10.0,8.44760036468506,21.9537743334376,29.9457532347014,22500.0,8900000.0,606415674.005886,0.486972,0.524,low
46,2020,YR2020,Dominica,DMA,333195185.185185,20110637.037037,76.5975609756098,36.9656090802077,0.170055330197674,12.0,3.40858006477356,,,69000.0,46000000.0,305264814.814815,18.4249,0.742,high
47,2020,YR2020,Dominican Republic,DOM,27137508655.3127,926000000.0,69.957,30.7240101573319,5.22336769759447,9.0,1.9140100479126,19.6814930822892,23.7983842265501,2811000.0,2730000000.0,25985430345.9163,6.82373,0.756,high
48,2020,YR2020,Ecuador,ECU,28548945000.0,783261009.55,73.371,21.4923738863205,12.4840185721018,10.0,4.50743007659912,17.310576625511,18.7078718571261,683000.0,449000000.0,27296182800.0,4.2608,0.759,high
49,2020,YR2020,"Egypt, Arab Rep.",EGY,85146067415.7303,646900000.0,68.961,18.3161784111903,2.73723855000332,9.0,4.67072010040283,13.6447611506994,18.4079875956717,4906000.0,4133000000.0,85241867415.7303,2.72,0.707,high
50,2020,YR2020,El Salvador,SLV,12664190300.0,470000000.0,69.432,25.5130894550755,1.86552503610078,9.0,3.242840051651,2.17175905829526,15.5914879137595,798000.0,521000000.0,12340790300.0,1.9,0.673,medium
51,2020,YR2020,Equatorial Guinea,GNQ,1806742742.27311,323391507.4578,53.84,87.4173831312055,7.59247849833242,5.0,,83.2870432750132,,,,821380430.543874,0.321198,0.592,medium
52,2020,YR2020,Eritrea,ERI,729321366.651861,22766165.86,56.5,11.7811808402808,,8.0,3.52390003204346,-23.4788686675121,,101000.0,73000000.0,723218652.834893,0.22709,0.459,low
53,2020,YR2020,Estonia,EST,7372457379.67411,338234260.376913,70.9048780487805,57.920649395746,3.57191270164023,9.0,5.43131017684937,26.3773967599202,21.9106444891331,1362000.0,737000000.0,6978783083.73363,41.52,0.892,very high
54,2020,YR2020,Eswatini,SWZ,1432228172.702,92945313.1719951,44.41,81.0377998484767,12.0197154699231,7.0,4.44086980819702,16.2731996671455,23.1983661792983,256000.0,45000000.0,1435491523.33337,1.8162,0.611,medium
55,2020,YR2020,Ethiopia,ETH,7850809498.16803,255000000.0,53.349,13.7672981990263,1.6537293283834,8.0,3.63245010375977,19.2346578483023,30.9122556145166,156000.0,261000000.0,7797207615.85915,0.0724023,0.485,low
56,2020,YR2020,Fiji,FJI,1842691481.09196,30672578.3302519,66.022,61.4847155503697,0.762032085561215,,6.24382019042969,30.3609971953818,36.9829370653325,398000.0,384000000.0,1857506973.34126,6.15265,0.743,high
57,2020,YR2020,Finland,FIN,139738377564.465,8094575465.0898,78.119512195122,39.1350026265102,1.57122012789382,10.0,6.01677989959717,31.1194321350161,30.8985636197881,2043000.0,2235000000.0,140161867118.389,62.43,0.938,very high
58,2020,YR2020,France,FRA,1494286655373.61,51550483853.8505,79.2609756097561,27.5310502579308,1.9234122872706,15.0,,23.3056582289403,22.7447856422458,77012000.0,41113000000.0,1509850367024.28,30.18,0.901,very high
59,2020,YR2020,Gabon,GAB,5335451307.54323,1160708.31013769,57.791,52.6088996947807,0.036682889397103,10.0,3.07808995246887,46.2207732312639,34.7473825496597,208000.0,77000000.0,4854435521.76894,1.93953,0.703,high
60,2020,YR2020,"Gambia, The",GMB,578236035.104279,42827000.0,56.761,27.1573845831505,8.60912474386329,9.0,1.44291996955872,1.55918418188423,6.04997312835762,81000.0,51000000.0,545288099.087249,1.79678,0.496,low
61,2020,YR2020,Georgia,GEO,3395728013.84524,160398660.46,70.22,29.229275751073,5.58783730000795,9.0,2.23501992225647,12.3948792918455,19.0747793487365,1067000.0,144000000.0,3406128022.95396,1.58788,0.812,very high
62,2020,YR2020,Germany,DEU,2068624129493.69,51268214890.625,78.2292682926829,32.5925791130602,1.42080560518857,13.0,4.43594980239868,25.0266591450876,22.6332680909175,17969000.0,26717000000.0,2046678900809.34,48.82,0.947,very high
63,2020,YR2020,Ghana,GHA,6166330136.2948,58930000.0,57.425,42.6162518930867,14.8162400637478,9.0,7.53558015823364,7.44326061151815,18.7540350374524,483000.0,383000000.0,6036889828.36951,0.830284,0.611,medium
64,2020,YR2020,Greece,GRC,153830946734.425,34180546.5370646,78.6414634146341,20.1128547276336,3.62935894557549,10.0,3.42430996894836,14.6264170158901,10.1053118779112,14180000.0,10012000000.0,343903323568.185,14.67,0.888,very high
65,2020,YR2020,Grenada,GRD,540336925.925926,54488888.8888889,72.929,31.9471451865732,1.06721547992871,12.0,,,,132000.0,91000000.0,492740296.296296,14.7588,0.779,high
66,2020,YR2020,Guatemala,GTM,20776403774.1156,-1016996773.78154,68.717,26.2989453879915,8.13263054281055,16.0,3.18454003334045,7.11995724801602,15.0996264296026,1527000.0,647000000.0,20458031821.7267,3.39175,0.663,medium
67,2020,YR2020,Guinea,GIN,2950198648.95191,30000000.0,51.484,26.4778105826218,31.3733025877534,6.0,2.59386992454529,12.0456949047789,12.4970457655864,43000.0,2400000.0,2917567837.24503,0.402023,0.477,low
68,2020,YR2020,Guinea-Bissau,GNB,417806667.07798,3545253.68893724,51.123,17.8331205708016,3.30012175283749,9.0,1.86082005500793,0.0889646285166196,5.7874123498623,5000.0,2300000.0,409024939.98961,1.02299,0.48,low
69,2020,YR2020,Guyana,GUY,726131434.715338,43600000.0,65.828,92.3031854232478,5.34101521377409,6.0,8.36553955078125,8.74179151211088,6.67718740305465,104000.0,53000000.0,671139695.277057,13.207,0.682,medium
70,2020,YR2020,Haiti,HTI,6106867933.51625,5700000.0,57.655,6.39083233256578,7.03287406224597,6.0,3.15722990036011,-4.54217720299958,7.58080487460296,140000.0,108000000.0,6093542438.59928,0.893433,0.51,low
71,2020,YR2020,Honduras,HND,7858235333.4834,287314900.0,71.249,52.730582054494,7.69050972034273,9.0,5.87492990493774,11.7221479856248,18.693826166537,550000.0,305000000.0,7559818946.16447,2.5974,0.634,medium
72,2020,YR2020,"Hong Kong SAR, China",HKG,166349228737.386,6747855220.81764,81.4268292682927,132.076763164041,-2.98313878080416,9.0,4.01554012298584,31.338021383738,31.0734051216059,10689000.0,9849000000.0,167425021477.388,43.0824,0.949,very high
73,2020,YR2020,Hungary,HUN,67608919144.3684,3643428379.51995,72.3487804878049,58.1369735753857,5.26544821583986,13.0,5.17923021316528,23.5572571741001,18.5437114414915,9979000.0,3774000000.0,63764742792.0142,16.67,0.854,very high
74,2020,YR2020,Iceland,ISL,9294652008.41791,91905493.0570106,80.5024390243903,35.531990636539,5.1970223021663,10.0,7.31757020950317,21.3679002418981,21.8361826189633,285000.0,415000000.0,9333442133.41014,79.12,0.949,very high
75,2020,YR2020,India,IND,514937948870.08,5208967106.27894,63.304,14.2643839244292,4.29715203929568,8.0,3.35254001617432,25.6562581756764,28.1114855753156,2384000.0,3300000000.0,511490036313.605,1.53788,0.645,medium
76,2020,YR2020,Indonesia,IDN,195660611165.183,145085548.722222,66.321,32.6876208878375,11.9001175663779,9.0,2.64568996429443,25.1203046337826,23.0174077823404,5033000.0,5797000000.0,189806032770.414,2.13414,0.718,high
77,2020,YR2020,"Iran, Islamic Rep.",IRN,128626917503.72,3519380360.0,70.921,24.4139021536457,14.3359337378404,5.0,4.48487997055054,41.6883268543639,,2034000.0,1607000000.0,128988717503.72,4.62618,0.783,high
78,2020,YR2020,Iraq,IRQ,36627901762.063,-326000.0,68.827,70.5700515170938,19.316694601979,6.0,,56.4229172977061,39.9221247958889,864000.0,45000000.0,36680330189.0038,0.5,0.674,medium
79,2020,YR2020,Ireland,IRL,127949874835.31,29323796527.2222,77.6341463414634,90.4749947773064,4.614733276884,10.0,4.10604000091553,39.433822873345,26.8202044758165,6476000.0,4228000000.0,107267633163.938,25.85,0.955,very high
80,2020,YR2020,Israel,ISR,121123828570.222,1582500000.0,79.4512195121951,32.8855197772594,5.74146981627295,11.0,6.46638011932373,17.9098759153956,20.1032577369961,861900.0,2426000000.0,116995236607.708,17.7646,0.919,very high
81,2020,YR2020,Italy,ITA,1270712309429.7,17239360004.8835,80.2292682926829,24.4074673383008,2.46532319171164,12.0,4.43240976333618,22.3282438649358,21.062805450885,39799000.0,28213000000.0,1265044042913.61,28.04,0.892,very high
82,2020,YR2020,Jamaica,JAM,9719017925.92929,443800000.0,74.14,32.7619513128115,7.07746603976977,6.0,5.37522983551025,11.0150779398795,15.8409201283591,1266000.0,1482000000.0,9101142393.30468,6.1,0.734,high
83,2020,YR2020,Japan,JPN,4115116279069.77,11557373873.9419,81.5634146341463,11.0182210299423,-0.923494026942291,9.0,3.46536993980408,26.0063156727835,27.3040177988373,5239000.0,6069000000.0,4173440839633.78,46.5942,0.919,very high
84,2020,YR2020,Jordan,JOR,9582453032.44006,238222874.679327,72.083,47.5054368886996,1.83299389002049,10.0,3.03434991836548,0.898727799248485,25.2468326916818,2384000.0,1254000000.0,9651423413.25811,6.02553,0.729,high
85,2020,YR2020,Kazakhstan,KAZ,24636593223.3467,2588491060.0,65.9682926829268,46.9906407561754,,9.0,3.02970004081726,33.7914855987933,30.2558510985917,3678000.0,680000000.0,23651793223.0857,1.67477,0.825,very high
86,2020,YR2020,Kenya,KEN,13147743910.7241,27618447.058206,51.606,24.8979726147002,1.96130821739159,8.0,6.17199993133545,4.30752975014801,8.53309447757645,838000.0,513000000.0,13026157962.4402,1.20777,0.601,medium
87,2020,YR2020,Kiribati,KIR,72196457.6768445,249788.108,63.731,19.4141843160392,13.6653995252441,9.0,,-57.957431118459,7.43894795955457,4900.0,3100000.0,115661740.736716,2.5,0.63,medium
88,2020,YR2020,"Korea, Rep.",KOR,627246081417.004,5475100000.0,76.7658536585366,29.7727544096379,2.76251135208606,7.0,,32.1625865747094,31.4544004031647,5347000.0,7617000000.0,624918111406.853,59.4,0.916,very high
89,2020,YR2020,Kuwait,KWT,38137545245.1464,3619441.97735906,73.28,44.6160483175151,0.888450148074899,9.0,6.551109790802,25.1345987920621,28.2849915713166,2316000.0,320000000.0,41480750246.7917,10.249,0.806,very high
90,2020,YR2020,Kyrgyz Republic,KGZ,1605643104.73021,4661963.54471303,68.1560975609756,39.5813541240971,2.13420986310243,10.0,4.44545984268188,13.8488034519178,16.8930542462986,140000.0,48000000.0,1547843104.73021,2.99927,0.697,medium
91,2020,YR2020,Lao PDR,LAO,1758176653.07746,4451297.0311068,59.937,28.7525146642775,10.6313446323333,5.0,2.82522010803223,19.2905496570277,18.3676058427716,215000.0,110000000.0,1693883046.63419,0.267899,0.613,medium
92,2020,YR2020,Latvia,LVA,9545172805.82083,160090702.160429,70.9609756097561,36.5849707727574,1.93887573855892,11.0,5.61846017837524,17.9355864398172,20.40061118028,848000.0,201000000.0,9561489313.32424,21.94,0.866,very high
93,2020,YR2020,Lebanon,LBN,19152238805.9702,1335970000.0,75.488,16.0986422831809,3.98347941855833,9.0,2.55271005630493,-0.0969797727902466,-4.23602590745359,956000.0,4284000000.0,18281858805.9702,7.0,0.744,high
94,2020,YR2020,Lesotho,LSO,775780697.676625,28390464.7236761,44.898,53.1704352759542,33.812578338126,7.0,10.1004495620728,-30.8112732629725,44.4981195681806,287000.0,14000000.0,1123290825.08752,1.08394,0.527,low
95,2020,YR2020,Liberia,LBR,927000000.0,2800000.0,52.826,42.3572707659115,14.1596470116325,6.0,1.70166003704071,37.6832470334412,-69.5344501744476,,59000000.0,763200400.0,0.0327133,0.48,low
96,2020,YR2020,Libya,LBY,20481889763.7795,145000000.0,71.244,44.7677994771644,-9.79764705882358,9.0,,30.7396586190989,27.780947255113,135000.0,202000000.0,20746889763.7795,2.24442,0.724,high
97,2020,YR2020,Lithuania,LTU,14259781159.0119,660790497.921648,71.7609756097561,47.403784740333,0.281506610345511,10.0,5.79253005981445,15.1259528391744,15.6719696013065,1428000.0,556000000.0,14108872921.9498,17.69,0.882,very high
98,2020,YR2020,Luxembourg,LUX,23616328816.1114,4243174364.5005,77.9658536585366,141.96461158688,2.07408613571644,12.0,4.09041023254395,44.7799299222852,29.896229339006,885000.0,2497000000.0,19967435535.479,39.84,0.916,very high
99,2020,YR2020,Madagascar,MDG,5351701534.15801,14661798.0720596,59.717,21.8155744053565,16.4985255315846,5.0,2.23179006576538,4.41970001231018,5.78823424733903,62000.0,109000000.0,5254956180.41158,0.33972,0.528,low
100,2020,YR2020,Malawi,MWI,3495748397.63025,5899999.35886242,45.517,15.8606371712111,14.7446346101603,8.0,3.53979992866516,2.12403293573712,5.46251133273925,383000.0,45000000.0,3451380076.23563,0.215095,0.483,low
101,2020,YR2020,Malaysia,MYS,100845526315.789,3192894736.8421,72.976,108.305302795051,1.80787246281537,6.0,7.65792989730835,42.0319769945174,32.7350846657081,13292000.0,8084000000.0,94250526315.7895,32.3382,0.81,very high
102,2020,YR2020,Maldives,MDV,897031250.0,24718599.7690471,71.708,78.3552662834339,,7.0,5.79186010360718,40.7525298113925,24.263280742439,485000.0,337000000.0,874367273.4375,5.34777,0.74,high
103,2020,YR2020,Mali,MLI,3889758023.73699,-12312977.4012381,49.54,28.0874538136608,5.03282275711195,9.0,2.8962299823761,14.0913818417446,11.6786110876359,96000.0,105000000.0,3649581791.19819,0.227046,0.434,low
104,2020,YR2020,Malta,MLT,4470446352.32569,-497796507.906789,78.7390243902439,113.402295694212,2.1884904806055,11.0,4.14625978469849,20.2569152068457,20.4246253627481,1134000.0,757000000.0,4504004983.8293,28.92,0.895,very high
105,2020,YR2020,Marshall Islands,MHL,131738200.0,839000.0,,27.3764936821666,,9.0,8.20897960662842,-37.6430424852623,32.9307005112317,6000.0,3400000.0,167548500.0,2.33544,0.704,high
106,2020,YR2020,Mauritania,MRT,1777058592.98812,67340352.3234,60.892,24.7736084028423,3.89570525758491,9.0,2.27714991569519,2.30548733436202,36.6870078203028,,50000000.0,1832909357.87649,0.363229,0.546,low
107,2020,YR2020,Mauritius,MUS,4841310239.63687,32073116.0847955,71.9658536585366,61.6083500282148,6.41933372221149,6.0,3.06089997291565,25.4455868784874,27.6085488329353,682000.0,829000000.0,4854526980.8424,10.2526,0.804,very high
108,2020,YR2020,Mexico,MEX,772106378935.377,24055125415.0,74.922,22.5524898738313,5.03072733151299,11.0,4.45495986938477,19.9603092724056,19.5646364010841,19667000.0,9547000000.0,758782874482.187,11.9,0.779,high
109,2020,YR2020,"Micronesia, Fed. Sts.",FSM,242517200.0,0.0,64.888,18.082841134567,-0.111442426432946,8.0,12.407919883728,,,19100.0,16800000.0,246760900.0,5.5701,0.62,medium
110,2020,YR2020,Moldova,MDA,1661818168.4226,84050000.0,67.362,52.4638965185895,5.30124390261596,9.0,5.4979100227356,-3.25154999645768,21.2666460304902,69000.0,72000000.0,1827506004.56789,3.78724,0.75,high
111,2020,YR2020,Mongolia,MNG,1396555719.97409,77751000.0,63.777,50.7266159784407,0.917074687184283,9.0,7.21078014373779,6.75620407650183,16.2829130459961,229000.0,143000000.0,1392055720.37938,2.03957,0.737,high
112,2020,YR2020,Montenegro,MNE,1284685050.52413,975271781.796614,73.285,35.3561171254814,8.75872769588797,9.0,,-5.75607948819167,-8.27972856225194,136000.0,859000000.0,1356512418.54755,25.3501,0.829,very high
113,2020,YR2020,Morocco,MAR,42236836820.6152,480355698.049863,69.769,28.9176142561292,2.79561966936937,9.0,5.34215021133423,24.5127708145771,30.8547806957002,4453000.0,3157000000.0,41585350784.8653,2.37325,0.686,medium
114,2020,YR2020,Mozambique,MOZ,5677003239.29386,347252830.6,49.61,21.2897255567601,6.42755278070085,,3.34514999389648,8.30925608409851,8.60767812347211,541000.0,65000000.0,5073827409.40958,0.259613,0.456,low
115,2020,YR2020,Myanmar,MMR,6777632512.0781,150511225.813866,60.685,0.285754172162196,57.0745112621703,5.0,1.92288994789124,17.4185948566579,18.3494320395115,487000.0,136000000.0,6773009110.8944,0.000426494,0.583,medium
116,2020,YR2020,Namibia,NAM,3275669889.09655,147535758.471973,50.862,47.2050547619328,4.13663213144747,7.0,6.89919996261597,14.8227832499846,26.8546007578933,757000.0,251000000.0,3395036430.21811,2.6337,0.646,medium
117,2020,YR2020,Nepal,NPL,6050875806.66403,-5952541.12704632,63.57,17.7371295242283,3.02939948714895,10.0,3.15283989906311,9.48966624804381,25.1314836229456,275000.0,134000000.0,6042907941.52509,0.312956,0.602,medium
118,2020,YR2020,Netherlands,NLD,471613965744.401,25485041348.3329,78.2926829268293,60.148422487264,3.28753104712768,13.0,4.80590009689331,27.8480734809044,26.1919774245593,9595000.0,11745000000.0,470351025785.808,61.29,0.944,very high
119,2020,YR2020,New Zealand,NZL,66627729311.4495,2848556986.63852,78.8463414634146,32.8470717038637,2.6770925771161,10.0,6.40699005126953,25.7832091788047,20.8537991470706,2026000.0,3159000000.0,63271338656.4148,59.0808,0.931,very high
120,2020,YR2020,Nicaragua,NIC,5224213017.54386,203900000.0,70.308,18.8471358845682,3.75017465778469,6.0,2.39101004600525,2.40057874644979,8.61012646034671,472000.0,135000000.0,5018313017.54386,1.71473,0.66,medium
121,2020,YR2020,Niger,NER,2782192986.95772,7827441.93508379,51.256,11.9188080483468,2.62886597938136,,2.40162992477417,7.62923333372554,14.5934126744393,39000.0,20200000.0,2922900597.71142,0.127152,0.394,low
122,2020,YR2020,Nigeria,NGA,95385819320.5737,1874070753.14014,46.835,23.2397194017019,12.8765792031099,9.0,,34.0267796335688,29.1159925901111,2046000.0,256000000.0,89288351910.2126,0.320462,0.539,low
123,2020,YR2020,North Macedonia,MKD,4018365247.44444,114193471.4194,73.642,26.3008496370576,2.31459794083216,9.0,3.30014991760254,1.89882473963671,13.0709619045615,123000.0,55000000.0,3972885247.5066,17.33,0.774,high
124,2020,YR2020,Norway,NOR,195524186477.617,3011752930.34115,78.9878048780488,40.3731263925136,1.28672528415185,10.0,7.43729019165039,33.6148148717574,32.7188589744169,3111000.0,2581000000.0,196007164508.129,72.84,0.957,very high
125,2020,YR2020,Oman,OMN,20142756174.721,109232769.830949,73.022,58.485930492116,-0.279578822571303,10.0,4.32506990432739,40.1884512479696,27.4445642209855,891000.0,539000000.0,19177866707.881,6.8734,0.813,very high
126,2020,YR2020,Pakistan,PAK,79904985384.8652,826000000.0,63.3,13.7760034500215,3.29034472613156,12.0,1.76759004592896,16.0335360952609,21.3260719484757,498000.0,562000000.0,77585985384.8652,2.57743,0.557,medium
127,2020,YR2020,Palau,PLW,163184900.0,1901014.5644,69.1292682926829,45.7533754654996,-1.30123617436564,12.0,7.52929019927979,6.06218125321274,25.9876990206864,59000.0,40000000.0,183768900.0,20.2439,0.826,very high
128,2020,YR2020,Panama,PAN,12994310400.0,247100000.0,75.401,57.6398121134616,1.00583090379042,11.0,4.19163990020752,18.8934073792789,19.5532438566344,534000.0,710000000.0,12836251600.0,8.51808,0.815,very high
129,2020,YR2020,Papua New Guinea,PNG,2999511040.19764,20160425.6683546,59.722,60.9158105615375,11.7994470972606,,1.9308899641037,24.1044940157007,22.940723795216,54000.0,3000000.0,2773645401.20439,1.32166,0.555,medium
130,2020,YR2020,Paraguay,PRY,7196260656.84556,90400000.0,71.023,47.4750765387374,10.5102420856612,9.0,3.40773010253906,33.6082881337637,26.9082042568187,250000.0,76000000.0,6598205156.83331,1.79497,0.728,high
131,2020,YR2020,Peru,PER,54777553515.0809,2155836814.73346,71.882,17.2748078529874,0.193135003853741,12.0,2.82056999206543,17.2685802658142,16.951753375854,1064000.0,836000000.0,53584601500.9808,8.96695,0.777,high
132,2020,YR2020,Philippines,PHL,84307369867.2474,1769000000.0,68.88,40.0056799440289,2.72277227722769,10.0,2.89222002029419,16.6256929312538,35.2688416942406,1933000.0,2018000000.0,92344918249.7599,4.33228,0.718,high
133,2020,YR2020,Poland,POL,199072058823.529,4091000000.0,74.4975609756098,28.7131224037015,1.90528215048054,10.0,5.39797019958496,14.8480572853952,15.5115868478012,13980000.0,4971000000.0,198401960784.314,21.15,0.88,very high
134,2020,YR2020,Portugal,PRT,134156091661.961,587893729.66415,77.0658536585366,27.0733622325977,3.60034658290911,12.0,5.25871992111206,17.7427945455409,17.3691751685405,5560000.0,6643000000.0,132124865424.431,19.37,0.864,very high
135,2020,YR2020,Qatar,QAT,19363736263.7363,623920000.0,77.762,60.3427728278758,0.239999999999965,9.0,3.84656000137329,64.8629476193179,60.3291670624751,1699500.0,285000000.0,18466483516.4835,10.2261,0.848,very high
136,2020,YR2020,Romania,ROU,46066101951.2933,1144000000.0,71.009756097561,24.0130293587441,22.5398862605386,10.0,3.5041298866272,16.4885090118637,18.8213473959342,4794000.0,400000000.0,45604749659.6582,6.58,0.828,very high
137,2020,YR2020,Russian Federation,RUS,345470494417.863,3473830000.0,65.1287804878049,35.2125940630626,15.7887307914462,11.0,3.83502006530762,30.8979271501777,28.774776224551,23309000.0,5278000000.0,338887494417.863,4.12827,0.824,very high
138,2020,YR2020,Rwanda,RWA,1965903267.63507,1500000.0,50.987,6.23987450268694,1.99258542453993,6.0,3.48989009857178,-2.57233109546913,13.4723204957772,507000.0,31000000.0,1946852651.39308,0.292785,0.543,low
139,2020,YR2020,Samoa,WSM,288078881.433056,1599402.8896,69.451,33.4331037713525,8.05031446540872,8.0,3.84138989448547,,,89000.0,45000000.0,268226305.330761,2.24483,0.715,high
140,2020,YR2020,Sao Tome and Principe,STP,85171308.1654435,3600000.0,62.687,,10.128724672229,6.0,2.72058010101318,,,9200.0,6900000.0,81829363.0271888,7.58067,0.625,medium
141,2020,YR2020,Saudi Arabia,SAU,189605920240.516,-614133333.333333,72.92,40.9487917016753,0.247186514299252,9.0,7.63688993453979,36.9981559874451,29.2703171196433,7511000.0,6486000000.0,190907080240.516,6.38471,0.854,very high
142,2020,YR2020,Senegal,SEN,6752510282.95744,82692671.5664976,58.675,28.5488709898407,2.33730187454302,6.0,2.6793200969696,6.75965213130569,10.7383934397109,769000.0,210000000.0,6650810341.83936,1.00645,0.512,low
143,2020,YR2020,Serbia,SRB,17120906918.3503,4055798181.80088,72.2853658536585,20.0941937439442,19.4908321579689,8.0,4.44199991226196,2.25500298261141,9.15302498470756,312000.0,77000000.0,17051505003.6973,23.5,0.806,very high
144,2020,YR2020,Seychelles,SYC,697518248.175182,47717748.0672259,71.0878048780488,77.8664006906655,0.174999999999919,10.0,5.19332981109619,26.4109721640854,18.6059862013258,132000.0,247000000.0,629509051.09489,14.3042,0.796,high
145,2020,YR2020,Sierra Leone,SLE,1253340519.53311,10413409.4634409,41.376,8.54942489403508,8.20461492682667,9.0,3.54527997970581,-8.47135813258815,2.4692695090715,28400.0,38000000.0,1223305969.50929,0.176199,0.452,low
146,2020,YR2020,Singapore,SGP,92537752708.5893,6157194143.82425,78.5512195121951,184.086118066532,-0.391676866585079,6.0,3.87853002548218,41.9771862199989,38.4280104401186,5855000.0,4458000000.0,90696247068.0219,47.0,0.938,very high
147,2020,YR2020,Slovak Republic,SVK,35130340673.8189,4212437461.03101,73.6048780487805,56.9704951847734,3.12714222984604,10.0,4.24539995193481,23.652277689227,23.9723261658586,1399000.0,742000000.0,35044216073.7813,40.14,0.86,very high
148,2020,YR2020,Slovenia,SVN,23489890274.3142,1849800000.0,76.0073170731707,52.3211874668638,7.48077770703756,9.0,5.67286014556885,26.4356820985013,25.8044655704805,1302000.0,1152000000.0,23284718204.4888,27.8389,0.917,very high
149,2020,YR2020,Solomon Islands,SLB,356507823.613087,145800.744935118,68.175,19.2310889443059,10.9296341872692,,8.80091953277588,-20.8561928512053,-20.6521081728187,5600.0,800000.0,349002933.854908,0.50192,0.567,medium
150,2020,YR2020,South Africa,ZAF,115482368343.658,1479804588.75227,54.31,31.7808365475061,9.49470667101602,9.0,5.06621980667114,20.4156859845638,17.5186521688052,6430000.0,3695000000.0,112693179769.845,6.71032,0.709,high
151,2020,YR2020,South Sudan,SSD,14586253383.0632,161000000.0,50.05,66.0270601078604,1.16962180301104,8.0,1.02450001239777,48.6900369957523,6.17684681242853,,22000000.0,11486155559.322,3.82997,0.433,low
152,2020,YR2020,Spain,ESP,705394315829.098,39359708554.1526,79.5682926829268,26.553994919632,3.06576537186607,10.0,4.13457012176514,24.6930166285995,22.9613269289659,50331000.0,34130000000.0,697404479578.393,20.39,0.904,very high
153,2020,YR2020,Sri Lanka,LKA,16536535647.0834,196500000.0,73.085,34.9133301978336,9.5510316700725,9.0,1.71774005889893,16.0097234944386,21.3112687900827,393000.0,594000000.0,16285197574.7439,1.05042,0.782,high
154,2020,YR2020,St. Kitts and Nevis,KNA,481077373.669966,79771688.8888889,71.3365853658537,,2.04109102620205,12.0,3.79239010810852,,,69000.0,57000000.0,442976235.494754,21.1524,0.779,high
155,2020,YR2020,St. Lucia,LCA,900000000.0,51935414.8148148,73.648,,-0.255536626916517,10.0,3.43646001815796,,,253000.0,210000000.0,807708518.518518,14.6418,0.759,high
156,2020,YR2020,St. Vincent and the Grenadines,VCT,461883444.444444,34048225.9259259,70.977,38.6055869634579,1.85550399046653,12.0,7.80199003219604,,,78000.0,91000000.0,444280592.592593,5.54959,0.738,high
157,2020,YR2020,Sudan,SDN,14803189092.7044,713180000.0,59.258,13.9789993078504,8.33381706000707,6.0,1.42644000053406,16.6085467728163,16.9948124695465,52000.0,108000000.0,14194428734.1916,0.439478,0.51,low
158,2020,YR2020,Suriname,SUR,1093574468.08511,-73600000.0,68.064,56.9086409568983,15.5273989185702,6.0,,48.9585481542586,52.0975510414519,60000.0,17000000.0,1050229787.23404,4.16157,0.738,high
159,2020,YR2020,Sweden,SWE,266849061835.659,18381645407.9827,79.8463414634146,41.2470904455775,2.15848213589263,10.0,6.92434978485107,27.4149301706939,26.4351233350911,4276000.0,5671000000.0,267612328105.904,70.57,0.945,very high
160,2020,YR2020,Switzerland,CHE,301416809957.654,8258050580.1782,80.3853658536585,48.936987226415,0.642708441925624,11.0,5.31429004669189,30.0860851689263,31.2796949333632,6868000.0,9117000000.0,309441349929.424,61.4,0.955,very high
161,2020,YR2020,Syrian Arab Republic,SYR,21582248881.6592,115000000.0,73.663,38.0720076501651,-0.130505282417403,9.0,5.04693984985352,28.1839019422186,26.1173885520744,2661000.0,970000000.0,20657248818.6255,2.0931,0.567,medium
162,2020,YR2020,Tajikistan,TJK,1221120798.81336,36066400.0,63.653,62.8092317719906,12.2499847774476,9.0,2.77578997612,6.54945634462125,18.38345322875,325000.0,5000000.0,1179991896.09638,0.0554628,0.668,medium
163,2020,YR2020,Tanzania,TZA,14142035080.2849,395567134.0,52.142,14.2767316009244,5.31783366118202,7.0,3.56122994422913,19.145576566308,20.5483302955976,550000.0,639000000.0,14044553004.771,0.222484,0.529,low
164,2020,YR2020,Thailand,THA,134300851255.002,3341612007.23692,71.089,60.6457526009701,0.697308976625474,9.0,3.86491990089417,31.1701306404039,28.1038907923515,10873000.0,10388000000.0,129579446975.217,7.53125,0.777,high
165,2020,YR2020,Timor-Leste,TLS,469461100.0,908000.0,60.901,7.80428878984862,3.23751394003325,6.0,8.6705904006958,-136.87293792819,372.988127375524,36000.0,14000000.0,759489000.0,0.0,0.606,medium
166,2020,YR2020,Togo,TGO,1698678686.38235,57806307.3736271,53.71,30.2727543774742,3.05981857535875,10.0,3.48744988441467,12.0558228790017,16.1719627434315,58000.0,16000000.0,1676990217.48144,1.0,0.515,low
167,2020,YR2020,Tonga,TON,182763673.183878,4692076.7678,69.771,18.2563113050051,10.3590607918507,6.0,3.79232001304626,-14.0157608865611,19.299590120956,37000.0,5900000.0,186163526.381419,2.9073,0.725,high
168,2020,YR2020,Trinidad and Tobago,TTO,9008273720.93395,1007800000.0,69.903,,4.15005861664714,6.0,3.54300999641418,,,384000.0,402000000.0,8528473714.53262,21.9987,0.796,high
169,2020,YR2020,Tunisia,TUN,23142294436.2383,790302916.627593,73.638,40.7845866741233,2.72103284850454,9.0,5.79003000259399,20.0386609688342,20.3850463166002,5064000.0,1831000000.0,22191320250.4044,5.25289,0.74,high
170,2020,YR2020,Turkey,TUR,240248965617.668,1082000000.0,71.078,25.1051190141684,44.9641209479849,8.0,2.74893999099731,23.3354335379557,22.4526000075825,12790000.0,11901000000.0,235694967192.82,11.38,0.82,very high
171,2020,YR2020,Turkmenistan,TKM,4461978498.86577,276000000.0,64.101,35.4111405835544,,12.0,3.04924988746643,41.3769717064545,,10800.0,,4339679899.39836,0.302132,0.715,high
172,2020,YR2020,Uganda,UGA,6178563590.89254,184648059.1975,48.299,11.2132791665583,-0.287508511765176,7.0,4.95237016677856,5.75608464352781,16.6158326791201,254000.0,194000000.0,6044559884.89428,0.384094,0.544,low
173,2020,YR2020,Ukraine,UKR,42351593887.2827,693000000.0,68.2756097560976,52.1623298905093,0.757420846392867,10.0,5.43863010406494,25.834478478656,28.941792809965,10517000.0,1001000000.0,41745591033.68,1.87389,0.779,high
174,2020,YR2020,United Arab Emirates,ARE,109816201497.617,95300000.0,74.758,49.5033473840813,12.250420244814,6.0,,28.4808180510786,,5445000.0,1332000000.0,110737372362.151,28.3165,0.89,very high
175,2020,YR2020,United Kingdom,GBR,1784473920863.31,89760582753.2235,78.1439024390244,24.1114361570333,1.52040245947458,11.0,4.63886976242065,15.8105864181199,16.0884795251044,22307000.0,22874000000.0,1803110011990.41,56.48,0.932,very high
176,2020,YR2020,United States,USA,10936419054000.0,111055000000.0,76.9365853658537,9.13224881991615,1.58603162650603,12.0,4.93104982376099,17.8183740434422,18.4123339646857,43581000.0,98160000000.0,11054325000000.0,58.7854,0.926,very high
177,2020,YR2020,Uruguay,URY,13606494597.2917,179852187.798716,75.152,20.6216724888306,13.9724725913516,9.0,2.32220005989075,14.2871835950226,15.3845793426817,1258000.0,409000000.0,13684032690.4079,11.4195,0.817,very high
178,2020,YR2020,Uzbekistan,UZB,9687788512.80184,65300000.0,67.613,30.9204450887224,,12.0,6.09001016616821,24.0863600977155,29.0486634873665,332000.0,68000000.0,9542788512.80184,1.08194,0.72,high
179,2020,YR2020,Vanuatu,VUT,262596597.803278,14162544.8083713,67.793,42.3111646102919,1.96356754199194,,8.13175010681152,12.7622903728832,12.4331891325077,49000.0,72000000.0,251067156.922672,3.51004,0.609,medium
180,2020,YR2020,"Venezuela, RB",VEN,92893587733.6549,761000000.0,72.466,30.4335705492145,28.1874647092039,14.0,,33.4503185019207,30.3216407326376,432000.0,484000000.0,90144246705.1426,4.91045,0.711,high
181,2020,YR2020,Vietnam,VNM,35064105500.8345,1400000000.0,73.438,54.7391336889888,3.83082838168467,5.0,4.88674020767212,28.6741127590236,40.7688315608796,2628000.0,1700000000.0,37384010461.5465,1.855,0.704,high
182,2020,YR2020,West Bank and Gaza,PSE,3555800000.0,9440000.0,71.447,13.437201192418,5.70951585976628,10.0,6.72547006607056,-23.2830867877833,12.4395192161106,33000.0,14000000.0,3774700000.0,3.10009,0.708,high
183,2020,YR2020,"Yemen, Rep.",YEM,10694628091.6726,114302000.0,61.781,,12.2385339389711,9.0,5.15143013000488,,,98000.0,38000000.0,9876286275.87189,0.518796,0.47,low
184,2020,YR2020,Zambia,ZMB,4193845678.17033,298390000.0,45.4,27.1336783308698,22.2333446430947,7.0,2.46342992782593,36.0285815916928,31.433427558359,565000.0,64000000.0,4043337448.279,0.477751,0.584,medium
185,2020,YR2020,Zimbabwe,ZWE,6342116400.0,25900000.0,43.523,31.834798869349,3.03447888394065,7.0,1.54405999183655,1.86224743525679,-4.49015309562169,2041000.0,76000000.0,6072330100.0,1.1,0.571,medium
